2c:41:38:7b:64:af,HP7B64AF,1426481241267
2c:41:38:7b:64:af,HP7B64AF,1426481241267
6c:ad:f8:78:b7:85,Daenerys' Side Boob,1426481241267
6c:ad:f8:78:b7:85,Daenerys' Side Boob,1426481241267
6c:ad:f8:78:b7:85,Daenerys' Side Boob,1426481241267
6c:ad:f8:78:b7:85,Daenerys' Side Boob,1426481241267
c8:bc:c8:39:b2:1a,oldtown_basement,1426481241267
c8:bc:c8:39:b2:1a,ATT064,1426481241267
c8:bc:c8:39:b2:1a,ATT084,1426481241267
c8:bc:c8:39:b2:1a,Golden Nugget,1426481241267
c8:bc:c8:39:b2:1a,WEBbeams-Letizias,1426481241267
c8:bc:c8:39:b2:1a,Opal City,1426481241267
c8:bc:c8:39:b2:1a,Marriott Lobby,1426481241267
c8:bc:c8:39:b2:1a,_Free_ORD_Wi-Fi,1426481241267
c8:bc:c8:39:b2:1a,United_Wi-Fi,1426481241267
c8:bc:c8:39:b2:1a,Boingo Hotspot,1426481241267
c8:bc:c8:39:b2:1a,Link,1426481241267
08:ed:b9:7e:42:1e,Crocodile Radek,1426481241267
ac:b5:7d:9c:2d:45,people lounge,1426481241267
ac:b5:7d:9c:2d:45,people lounge,1426481241267
f4:37:b7:68:3a:99,Kimpton,1426481241267
f4:37:b7:68:3a:99,0HS61,1426481241267
f4:37:b7:68:3a:99,Farrell's on The Island,1426481241267
f4:37:b7:68:3a:99,linksys,1426481241267
f4:37:b7:68:3a:99,3NQ5B,1426481241267
64:a3:cb:c5:25:38,HOME-91FD,1426481241267
cc:3a:61:67:6c:89,linksys,1426481241267
cc:3a:61:67:6c:89,linksys,1426481241268
cc:3a:61:67:6c:89,linksys,1426481241268
cc:3a:61:67:6c:89,linksys,1426481241268
c0:63:94:26:81:41,MOTOROLA-B976F,1426481241269
00:24:f3:db:7e:9c,NETGEAR57,1426481241269
91:64:5f:4a:48:8c,NETGEAR57,1426481241269
00:24:f3:db:7e:9c,NETGEAR57,1426481241269
78:fd:94:8e:43:e0,BestBuy,1426481241269
88:cb:87:c8:dd:35,Perry,1426481241269
78:fd:94:8e:43:e0,BestBuy,1426481241269
78:fd:94:8e:43:e0,BestBuy,1426481241269
78:fd:94:8e:43:e0,BestBuy,1426481241269
78:fd:94:8e:43:e0,BestBuy,1426481241269
b8:ff:61:54:b5:06,ndsawthefortressbeyond's Network,1426481241269
78:fd:94:8e:43:e0,BestBuy,1426481241269
78:fd:94:8e:43:e0,BestBuy,1426481241269
64:a3:cb:c5:25:38,HOME-91FD,1426481241269
e0:66:78:04:c4:cb,heavenn,1426481241270
e0:66:78:04:c4:cb,heavenn,1426481241270
e0:66:78:04:c4:cb,heavenn,1426481241270
78:fd:94:8e:43:e0,BestBuy,1426481241270
fc:42:96:7d:51:7f,xfinitywifi,1426481241270
78:7e:61:81:26:52,linksys,1426481241270
08:ed:b9:7e:42:1e,dlink,1426481241270
08:ed:b9:7e:42:1e,Crocodile Radek,1426481241270
cc:3a:61:67:6c:89,attwifi,1426481241270
cc:3a:61:67:6c:89,attwifi,1426481241270
cc:3a:61:67:6c:89,attwifi,1426481241270
cc:3a:61:67:6c:89,attwifi,1426481241270
cc:3a:61:67:6c:89,attwifi,1426481241270
cc:3a:61:67:6c:89,attwifi,1426481241270
cc:3a:61:67:6c:89,attwifi,1426481241270
cc:3a:61:67:6c:89,attwifi,1426481241270
cc:3a:61:67:6c:89,attwifi,1426481241270
cc:3a:61:67:6c:89,attwifi,1426481241270
cc:3a:61:67:6c:89,attwifi,1426481241270
cc:3a:61:67:6c:89,attwifi,1426481241270
cc:3a:61:67:6c:89,attwifi,1426481241270
cc:3a:61:67:6c:89,attwifi,1426481241270
cc:3a:61:67:6c:89,attwifi,1426481241270
cc:3a:61:67:6c:89,attwifi,1426481241270
cc:3a:61:67:6c:89,attwifi,1426481241270
cc:3a:61:67:6c:89,attwifi,1426481241270
cc:3a:61:67:6c:89,attwifi,1426481241270
cc:3a:61:67:6c:89,attwifi,1426481241270
cc:3a:61:67:6c:89,attwifi,1426481241270
cc:3a:61:67:6c:89,attwifi,1426481241270
cc:3a:61:67:6c:89,attwifi,1426481241270
cc:3a:61:67:6c:89,attwifi,1426481241270
64:a3:cb:c5:25:38,HOME-91FD,1426481241270
78:fd:94:8e:43:e0,BestBuy,1426481241270
78:fd:94:8e:43:e0,BestBuy,1426481241270
78:fd:94:8e:43:e0,BestBuy,1426481241270
c8:e0:eb:9b:70:b5,redroof,1426481241270
78:7e:61:81:26:52,linksys,1426481241270
7c:d1:c3:7b:fa:34,Thread 0 crashed with X86,1426481241270
08:ed:b9:7e:42:1e,dlink,1426481241270
c8:bc:c8:39:b2:1a,_Free_ORD_Wi-Fi,1426481241270
c8:bc:c8:39:b2:1a,San.Diego.Airport.Free.WiTI,1426481241270
c8:bc:c8:39:b2:1a,United_Wi-Fi,1426481241270
c8:bc:c8:39:b2:1a,Boingo Hotspot,1426481241270
c8:bc:c8:39:b2:1a,Link,1426481241270
78:fd:94:8e:43:e0,BestBuy,1426481241270
10:bf:48:cd:57:53,~Times Sq Free Wifi~,1426481241270
78:fd:94:8e:43:e0,BestBuy,1426481241270
78:fd:94:8e:43:e0,BestBuy,1426481241270
78:fd:94:8e:43:e0,BestBuy,1426481241270
64:a3:cb:c5:25:38,HOME-91FD,1426481241270
78:fd:94:8e:43:e0,BestBuy,1426481241270
78:fd:94:8e:43:e0,BestBuy,1426481241270
78:fd:94:8e:43:e0,BestBuy,1426481241270
78:fd:94:8e:43:e0,BestBuy,1426481241270
70:14:a6:03:4c:e6,Wicker Park Guest Network,1426481241270
7c:d1:c3:7b:fa:34,Thread 0 crashed with X86,1426481241270
94:eb:cd:f1:2e:2e,ATT320,1426481241270
f0:dc:e2:25:1b:f6,406NMain,1426481241270
f0:dc:e2:25:1b:f6,406NMain,1426481241270
78:fd:94:8e:43:e0,BestBuy,1426481241270
78:fd:94:8e:43:e0,BestBuy,1426481241270
00:04:20:28:2c:12,Dont even try it,1426481241270
64:a3:cb:c5:25:38,HOME-91FD,1426481241270
c4:85:08:bd:00:97,2WIRE888,1426481241270
00:26:c6:3b:af:70,HOME-64D2,1426481241270
2c:41:38:7b:64:af,HP7B64AF,1426481241270
2c:41:38:7b:64:af,HP7B64AF,1426481241270
00:24:f3:db:7e:9c,NETGEAR57,1426481241270
78:fd:94:8e:43:e0,BestBuy,1426481241270
78:fd:94:8e:43:e0,BestBuy,1426481241270
08:ed:b9:7e:42:1e,Crocodile Radek,1426481241270
a8:66:7f:a3:05:dd,attwifi,1426481241270
c8:e0:eb:9b:70:b5,4662 7161,1426481241270
c8:e0:eb:9b:70:b5,HotelML-Guest,1426481241270
c8:bc:c8:39:b2:1a,Marriott Lobby,1426481241270
c8:bc:c8:39:b2:1a,concourse,1426481241270
c8:85:50:82:b8:73,silberberg-5G,1426481241270
18:f6:43:10:8e:77,CPS51638,1426481241270
18:f6:43:10:8e:77,CPS51638,1426481241270
c8:e0:eb:9b:70:b5,CIRA,1426481241270
c8:e0:eb:9b:70:b5,redroof,1426481241270
c8:e0:eb:9b:70:b5,BWBloomingtonHotel,1426481241270
c8:e0:eb:9b:70:b5,4662 7161,1426481241270
c8:e0:eb:9b:70:b5,HotelML-Guest,1426481241270
c8:e0:eb:9b:70:b5,redroof,1426481241270
c8:e0:eb:9b:70:b5,HotelML-Guest,1426481241270
88:08:85:e7:c1:37,RGXLPQSNGBNYVRAK,1426481241270
c8:e0:eb:9b:70:b5,JOSE-PC_Network_EXT,1426481241272
c8:e0:eb:9b:70:b5,Sonesta_guest,1426481241272
b8:ff:61:54:b5:06,ndsawthefortressbeyond's Network,1426481241272
b8:ff:61:54:b5:06,ndsawthefortressbeyond's Network,1426481241272
b8:ff:61:54:b5:06,HOME-1B9A,1426481241272
c8:e0:eb:9b:70:b5,redroof,1426481241272
c8:85:50:82:b8:73,FREEBOX_BITA_CH,1426481241272
c8:e0:eb:9b:70:b5,CIRA,1426481241272
c8:e0:eb:9b:70:b5,redroof,1426481241272
c8:e0:eb:9b:70:b5,BWBloomingtonHotel,1426481241272
08:ed:b9:7e:42:1e,Crocodile Radek,1426481241272
78:fd:94:8e:43:e0,BestBuy,1426481241272
78:fd:94:8e:43:e0,BestBuy,1426481241272
2c:41:38:7b:64:af,HP7B64AF,1426481241272
b4:c7:99:7d:34:a0,smart-rf,1426481241272
00:0c:85:e7:c1:17,RGXLPQSNGBNYVRAK,1426481241272
00:0c:85:e7:c1:17,RGXLPQSNGBNYVRAK,1426481241272
08:ed:b9:7e:42:1e,dlink,1426481241272
08:ed:b9:7e:42:1e,Crocodile Radek,1426481241272
08:ed:b9:7e:42:1e,Crocodile Radek,1426481241272
00:04:20:28:2c:12,Dont even try it,1426481241272
b0:79:94:e6:8b:37,1018980094,1426481241272
00:0c:85:e7:c1:17,RGXLPQSNGBNYVRAK,1426481241272
fc:c2:de:ab:d1:b8,Members,1426481241272
fc:c2:de:ab:d1:b8,Members,1426481241272
fc:c2:de:ab:d1:b8,Members,1426481241272
fc:c2:de:ab:d1:b8,Members,1426481241272
fc:c2:de:ab:d1:b8,Members,1426481241272
fc:c2:de:ab:d1:b8,Members,1426481241272
fc:c2:de:ab:d1:b8,Members,1426481241272
fc:c2:de:ab:d1:b8,Members,1426481241272
fc:c2:de:ab:d1:b8,Members,1426481241272
fc:c2:de:ab:d1:b8,Members,1426481241272
fc:c2:de:ab:d1:b8,Members,1426481241272
fc:c2:de:ab:d1:b8,Members,1426481241272
fc:c2:de:ab:d1:b8,Members,1426481241272
2c:41:38:7b:64:af,HP7B64AF,1426481241272
34:23:87:39:b5:3d,LinksPOS,1426481241272
34:23:87:39:b5:3d,LinksPOS,1426481241272
64:a3:cb:c5:25:38,HOME-91FD,1426481241272
64:a3:cb:c5:25:38,HOME-91FD,1426481241272
c8:e0:eb:9b:70:b5,redroof,1426481241272
00:0c:85:e7:c1:17,RGXLPQSNGBNYVRAK,1426481241272
c8:e0:eb:9b:70:b5,Sonesta_guest,1426481241272
d8:69:a3:9b:70:24,HotelML-Guest,1426481241272
60:92:17:24:07:f6,halonbottle1,1426481241272
60:92:17:24:07:f6,halonbottle1,1426481241272
60:92:17:24:07:f6,halonbottle1,1426481241272
7c:d1:c3:7b:fa:34,Thread 0 crashed with X86,1426481241272
c0:14:3d:97:d3:5e,2WIRE835,1426481241272
2c:41:38:7b:64:af,HP7B64AF,1426481241272
00:0c:85:e7:c1:17,RGXLPQSNGBNYVRAK,1426481241272
c8:85:50:e2:8e:73,silberberg-5G,1426481241272
b4:c7:99:7d:34:a0,smart-rf,1426481241272
08:ed:b9:7e:42:1e,Crocodile Radek,1426481241272
00:0c:85:e7:c1:17,RGXLPQSNGBNYVRAK,1426481241272
f4:37:b7:68:3a:99,linksys,1426481241272
f4:37:b7:68:3a:99,Dough,1426481241272
7c:d1:c3:7b:fa:34,Thread 0 crashed with X86,1426481241272
2c:41:38:7b:64:af,HP7B64AF,1426481241272
a4:e8:3c:24:f8:1f,dlink,1426481241272
00:0c:85:e7:c1:17,RGXLPQSNGBNYVRAK,1426481241272
2c:41:38:7b:64:af,HP7B64AF,1426481241272
ac:b5:7d:9c:2d:45,people lounge,1426481241272
00:0c:85:e7:c1:17,RGXLPQSNGBNYVRAK,1426481241272
78:fd:94:8e:43:e0,BestBuy,1426481241272
b4:c7:99:7d:34:a0,smart-rf,1426481241272
f4:37:b7:68:3a:99,Courtyard_St.Pete,1426481241272
00:0c:85:e7:c1:17,RGXLPQSNGBNYVRAK,1426481241272
f0:dc:e2:25:1b:f6,406NMain,1426481241272
94:eb:cd:f1:2e:2e,ATT320,1426481241272
94:eb:cd:f1:2e:2e,ATT320,1426481241272
94:eb:cd:f1:2e:2e,ATT320,1426481241272
94:eb:cd:f1:2e:2e,ATT320,1426481241272
94:eb:cd:f1:2e:2e,ATT320,1426481241272
08:ed:b9:7e:42:1e,dlink,1426481241272
08:ed:b9:7e:42:1e,Crocodile Radek,1426481241272
00:0c:85:e7:c1:17,RGXLPQSNGBNYVRAK,1426481241272
b4:c7:99:7d:34:a0,smart-rf,1426481241272
d0:e7:82:7c:99:bc,ASimpleGood,1426481241272
d0:e7:82:7c:99:bc,ASimpleGood,1426481241272
d0:e7:82:7c:99:bc,ASimpleGood,1426481241273
d0:e7:82:7c:99:bc,ASimpleGood,1426481241273
d0:e7:82:7c:99:bc,ASimpleGood,1426481241273
d0:e7:82:7c:99:bc,ASimpleGood,1426481241273
d0:e7:82:7c:99:bc,ASimpleGood,1426481241273
d0:e7:82:7c:99:bc,ASimpleGood,1426481241273
d0:e7:82:7c:99:bc,ASimpleGood,1426481241273
00:04:20:28:2c:12,Dont even try it,1426481241273
00:0c:85:e7:c1:17,RGXLPQSNGBNYVRAK,1426481241273
c0:14:3d:97:d3:5e,2WIRE835,1426481241273
80:d2:1d:2b:0d:3f,HOME-CA72,1426481241273
80:d2:1d:2b:0d:3f,HOME-CA72,1426481241273
80:d2:1d:2b:0d:3f,HOME-CA72,1426481241273
80:d2:1d:2b:0d:3f,HOME-CA72,1426481241273
80:d2:1d:2b:0d:3f,HOME-CA72,1426481241273
80:d2:1d:2b:0d:3f,HOME-CA72,1426481241273
80:d2:1d:2b:0d:3f,HOME-CA72,1426481241273
78:fd:94:05:f9:04,Links Taproom,1426481241273
78:fd:94:05:f9:04,Links Taproom,1426481241273
8c:00:6d:42:39:fd,2WIRE888,1426481241273
c8:e0:eb:9b:70:b5,redroof,1426481241273
c8:e0:eb:9b:70:b5,JOSE-PC_Network_EXT,1426481241273
c8:68:5f:cc:56:b5,4662 7161,1426481241273
0c:e9:eb:03:7d:b5,JOSE-PC_Network_EXT,1426481241273
c8:e0:eb:9b:70:b5,Sonesta_guest,1426481241273
c8:e0:eb:9b:70:b5,BWBloomingtonHotel,1426481241273
c8:e0:eb:9b:70:b5,HotelML-Guest,1426481241273
d0:4f:7e:cd:27:87,LeCave,1426481241273
2c:41:38:7b:64:af,HP7B64AF,1426481241273
34:23:87:39:b5:3d,LinksPOS,1426481241273
64:a3:cb:c5:25:38,HOME-91FD,1426481241273
00:0c:85:e7:c1:17,RGXLPQSNGBNYVRAK,1426481241273
c8:e0:eb:9b:70:b5,Sonesta_guest,1426481241273
c8:e0:eb:9b:70:b5,HotelML-Guest,1426481241273
00:0c:85:e7:c1:17,RGXLPQSNGBNYVRAK,1426481241273
c8:e0:eb:9b:70:b5,redroof,1426481241273
c8:e0:eb:9b:70:b5,Sonesta_guest,1426481241273
c8:e0:eb:9b:70:b5,BWBloomingtonHotel,1426481241273
c8:e0:eb:9b:70:b5,4662 7161,1426481241273
c8:e0:eb:9b:70:b5,HotelML-Guest,1426481241273
c8:e0:eb:9b:70:b5,CIRA,1426481241273
c8:e0:eb:9b:70:b5,Sonesta_guest,1426481241273
c8:e0:eb:9b:70:b5,HotelML-Guest,1426481241273
28:5a:eb:51:7d:43,dutro,1426481241273
c6:59:b3:e6:05:1f,dlink,1426481241273
08:ed:b9:7e:42:1e,Crocodile Radek,1426481241273
08:ed:b9:7e:42:1e,Crocodile Radek,1426481241273
c8:e0:eb:9b:70:b5,redroof,1426481241273
c8:e0:eb:9b:70:b5,JOSE-PC_Network_EXT,1426481241273
c8:e0:eb:9b:70:b5,Sonesta_guest,1426481241273
c8:e0:eb:9b:70:b5,4662 7161,1426481241273
c8:e0:eb:9b:70:b5,HotelML-Guest,1426481241273
c8:e0:eb:9b:70:b5,CIRA,1426481241273
c8:e0:eb:9b:70:b5,redroof,1426481241273
c8:e0:eb:9b:70:b5,BWBloomingtonHotel,1426481241273
c8:e0:eb:9b:70:b5,4662 7161,1426481241273
c8:e0:eb:9b:70:b5,HotelML-Guest,1426481241273
0c:48:85:d8:cf:27,xfinitywifi,1426481241273
0c:48:85:d8:cf:27,xfinitywifi,1426481241273
0c:48:85:d8:cf:27,xfinitywifi,1426481241273
0c:48:85:d8:cf:27,xfinitywifi,1426481241273
0c:48:85:d8:cf:27,xfinitywifi,1426481241273
0c:48:85:d8:cf:27,xfinitywifi,1426481241273
0c:48:85:d8:cf:27,xfinitywifi,1426481241273
0c:48:85:d8:cf:27,xfinitywifi,1426481241273
0c:48:85:d8:cf:27,xfinitywifi,1426481241273
0c:48:85:d8:cf:27,xfinitywifi,1426481241273
0c:48:85:d8:cf:27,xfinitywifi,1426481241273
0c:48:85:d8:cf:27,xfinitywifi,1426481241273
2c:41:38:7b:64:af,HP7B64AF,1426481241273
28:5a:eb:51:7d:43,dutro,1426481241273
28:5a:eb:51:7d:43,dutro,1426481241273
c8:bc:c8:39:b2:1a,Marriott Lobby,1426481241273
c8:bc:c8:39:b2:1a,_Free_ORD_Wi-Fi,1426481241273
c8:bc:c8:39:b2:1a,United_Wi-Fi,1426481241273
c8:bc:c8:39:b2:1a,concourse,1426481241273
c8:bc:c8:39:b2:1a,Boingo Hotspot,1426481241273
c8:bc:c8:39:b2:1a,Link,1426481241273
f0:b4:79:aa:24:6c,kenny,1426481241273
f0:b4:79:aa:24:6c,MADELINE,1426481241273
f0:b4:79:aa:24:6c,AMNH-PUBLIC-WIFI,1426481241273
f0:b4:79:aa:24:6c,Touche',1426481241273
f0:b4:79:aa:24:6c,HOME-86CC,1426481241273
f0:b4:79:aa:24:6c,Apple Store,1426481241273
f0:b4:79:aa:24:6c,Armands,1426481241273
f0:b4:79:aa:24:6c,Yorktown2,1426481241273
f0:b4:79:aa:24:6c,LimeOak,1426481241273
f0:b4:79:aa:24:6c,kenny,1426481241273
78:fd:94:05:f9:04,Links Taproom,1426481241273
28:5a:eb:51:7d:43,dutro,1426481241273
78:fd:94:8e:43:e0,BestBuy,1426481241273
78:fd:94:8e:43:e0,BestBuy,1426481241273
78:fd:94:8e:43:e0,BestBuy,1426481241273
2c:41:38:7b:64:af,HP7B64AF,1426481241273
3c:a9:f4:85:18:ec,551D-1CV-03,1426481241273
08:ed:b9:7e:42:1e,dlink,1426481241273
cc:fa:00:a9:58:7b,xfinitywifi,1426481241273
cc:fa:00:a9:58:7b,xfinitywifi,1426481241273
18:f6:43:7d:22:c3,Pint,1426481241273
18:f6:43:7d:22:c3,Pint,1426481241273
cc:fa:00:a9:58:7b,xfinitywifi,1426481241273
cc:fa:00:a9:58:7b,xfinitywifi,1426481241273
cc:fa:00:a9:58:7b,xfinitywifi,1426481241273
cc:fa:00:a9:58:7b,xfinitywifi,1426481241273
cc:fa:00:a9:58:7b,xfinitywifi,1426481241273
cc:fa:00:a9:58:7b,xfinitywifi,1426481241273
cc:fa:00:a9:58:7b,xfinitywifi,1426481241273
cc:fa:00:a9:58:7b,xfinitywifi,1426481241273
cc:fa:00:a9:58:7b,xfinitywifi,1426481241273
cc:fa:00:a9:58:7b,xfinitywifi,1426481241273
cc:fa:00:a9:58:7b,xfinitywifi,1426481241273
78:fd:94:8e:43:e0,BestBuy,1426481241273
64:a3:cb:c5:25:38,HOME-91FD,1426481241273
c8:e0:eb:9b:70:b5,JOSE-PC_Network_EXT,1426481241273
c8:e0:eb:9b:70:b5,Sonesta_guest,1426481241273
c8:e0:eb:9b:70:b5,CIRA,1426481241273
b8:ff:61:54:b5:06,Power House,1426481241273
b8:ff:61:54:b5:06,Power House,1426481241273
b8:ff:61:54:b5:06,Power House,1426481241273
00:04:20:28:2c:12,Dont even try it,1426481241273
b4:c7:99:7d:34:a0,smart-rf,1426481241273
08:ed:b9:7e:42:1e,dlink,1426481241273
08:ed:b9:7e:42:1e,Crocodile Radek,1426481241273
28:5a:eb:51:7d:43,dutro,1426481241273
64:a3:cb:c5:25:38,HOME-91FD,1426481241273
28:5a:eb:51:7d:43,dutro,1426481241273
6c:40:08:ad:87:a4,Hide Yo Kids Hide Yo Wifi,1426481241273
f0:25:b7:41:5a:59,attwifi,1426481241273
f0:25:b7:41:5a:59,attwifi,1426481241273
c8:e0:eb:9b:70:b5,redroof,1426481241273
c8:e0:eb:9b:70:b5,HotelML-Guest,1426481241273
c8:e0:eb:9b:70:b5,CIRA,1426481241273
c8:e0:c9:9a:70:b5,redroof,1426481241273
c8:e0:eb:9b:70:b5,Sonesta_guest,1426481241273
c8:e0:eb:9b:70:b5,BWBloomingtonHotel,1426481241273
70:3e:ac:a2:0b:85,xfinitywifi,1426481241273
ac:b5:7d:9c:2d:45,people lounge,1426481241273
ac:b5:7d:9c:2d:45,people lounge,1426481241273
28:5a:eb:51:7d:43,dutro,1426481241273
28:5a:eb:51:7d:43,dutro,1426481241273
28:5a:eb:51:7d:43,dutro,1426481241273
70:3e:ac:a2:0b:85,xfinitywifi,1426481241274
70:3e:ac:a2:0b:85,xfinitywifi,1426481241274
70:3e:ac:a2:0b:85,xfinitywifi,1426481241274
08:ed:b9:7e:42:1e,dlink,1426481241274
64:a3:cb:c5:25:38,HOME-91FD,1426481241274
f0:25:b7:41:5a:59,attwifi,1426481241274
f0:25:b7:41:5a:59,attwifi,1426481241274
70:3e:ac:a2:0b:85,xfinitywifi,1426481241274
f0:25:b7:41:5a:59,attwifi,1426481241274
28:5a:eb:51:7d:43,dutro,1426481241274
64:a3:cb:c5:25:38,HOME-91FD,1426481241274
c8:bc:c8:39:b2:1a,ATT064,1426481241274
c8:bc:c8:39:b2:1a,ATT084,1426481241274
c8:bc:c8:39:b2:1a,Golden Nugget,1426481241274
c8:bc:c8:39:b2:1a,WEBbeams-Letizias,1426481241274
c8:bc:c8:39:b2:1a,San.Diego.Airport.Free.WIFI,1426481241274
c8:bc:c8:39:b2:1a,United_Wi-Fi,1426481241274
c8:bc:c8:39:b2:1a,concourse,1426481241274
c8:bc:c8:39:b2:1a,Boingo Hotspot,1426481241274
c8:bc:c8:39:b2:1a,Link,1426481241274
c8:e0:eb:9b:70:b5,CIRA,1426481241274
c8:e0:eb:9b:70:b5,JOSE-PC_Network_EXT,1426481241274
c8:e0:eb:9b:70:b5,Sonesta_guest,1426481241274
c8:e0:eb:9b:70:b5,BWBloomingtonHotel,1426481241274
c8:e0:eb:9b:70:b5,BWBloomingtonHotel,1426481241274
7c:d1:c3:7b:fa:34,Thread 0 crashed with X86,1426481241274
08:ed:b9:7e:42:1e,Crocodile Radek,1426481241274
08:ed:b9:7e:42:1e,Crocodile Radek,1426481241274
3c:a9:f4:85:18:ec,551D-1CV-03,1426481241274
3c:a9:f4:85:18:ec,551D-1CV-03,1426481241274
d0:e1:40:95:45:1c,dlink,1426481241274
70:3e:ac:a2:0b:85,xfinitywifi,1426481241274
64:a3:cb:c5:25:38,HOME-91FD,1426481241274
2c:41:38:7b:64:af,HP7B64AF,1426481241274
70:3e:ac:a2:0b:85,xfinitywifi,1426481241274
f4:37:b7:68:3a:99,Secretlairoftheunicorn2,1426481241274
f4:37:b7:68:3a:99,Flip's Wi-Fi Network,1426481241274
3c:a9:f4:85:18:ec,551D-1CV-03,1426481241274
84:38:38:8d:14:d1,UniWireless,1426481241274
c8:e0:eb:9b:70:b5,Sonesta_guest,1426481241274
1c:99:4c:7c:64:06,attwifi,1426481241274
28:5a:eb:51:7d:43,dutro,1426481241274
1c:99:4c:7c:64:06,attwifi,1426481241274
1c:99:4c:7c:64:06,attwifi,1426481241274
1c:99:4c:7c:64:06,attwifi,1426481241274
1c:99:4c:7c:64:06,attwifi,1426481241274
1c:99:4c:7c:64:06,attwifi,1426481241274
64:a3:cb:c5:25:38,HOME-91FD,1426481241274
64:a3:cb:c5:25:38,HOME-91FD,1426481241274
84:38:38:8d:14:d1,UniWireless,1426481241274
b8:ff:61:54:b5:06,ndsawthefortressbeyond's Network,1426481241274
b8:ff:61:54:b5:06,ndsawthefortressbeyond's Network,1426481241274
b8:ff:61:54:b5:06,HOME-1B9A,1426481241274
e0:66:78:04:c4:cb,heavenn,1426481241274
e0:66:78:04:c4:cb,heavenn,1426481241274
e0:66:78:04:c4:cb,heavenn,1426481241274
84:38:38:8d:14:d1,UniWireless,1426481241274
28:5a:eb:51:7d:43,dutro,1426481241274
08:ed:b9:7e:42:1e,dlink,1426481241274
98:f1:70:4e:6c:73,xfinitywifi,1426481241274
98:f1:70:4e:6c:73,xfinitywifi,1426481241274
f4:37:b7:68:3a:99,3NQ5B,1426481241274
74:7f:b7:68:3a:99,REUQA,1426481241274
84:38:38:8d:14:d1,UniWireless,1426481241274
c8:bc:c8:39:b2:1a,WEBbeams-Letizias,1426481241274
c8:bc:c8:39:b2:1a,WEBbeams-Letizias,1426481241274
c8:bc:c8:39:b2:1a,United_Wi-Fi,1426481241274
c8:bc:c8:39:b2:1a,concourse,1426481241274
48:d7:05:54:73:3e,SHELL,1426481241274
48:d7:05:54:73:3e,sidestreetsaloon,1426481241274
48:d7:05:54:73:3e,WiFiRSU_0e,1426481241274
28:5a:eb:51:7d:43,dutro,1426481241274
28:5a:eb:51:7d:43,dutro,1426481241274
48:d7:05:54:73:3e,Free_Sox_Wi-Fi,1426481241274
18:f6:43:10:8e:77,CPS51638,1426481241274
18:f6:43:10:8e:77,CPS51638,1426481241274
18:f6:43:10:8e:77,CPS51638,1426481241274
48:d7:05:54:73:3e,DDGuestWiFi,1426481241274
4c:cb:f5:f7:55:4f,xfinitywifi,1426481241274
48:d7:05:54:73:3e,NMHGUEST,1426481241274
48:d7:05:54:73:3e,Schubas_Guest,1426481241274
48:d7:05:54:73:3e,Via Bella,1426481241274
48:d7:05:54:73:3e,Big Chef,1426481241274
48:d7:05:54:73:3e,PINNACLE,1426481241274
48:d7:05:54:73:3e,BostonMkt_Guest,1426481241274
84:38:38:8d:14:d1,UniWireless,1426481241274
84:38:38:8d:14:d1,UniWireless,1426481241274
7c:d1:c3:7b:fa:34,Thread 0 crashed with X86,1426481241274
7c:d1:c3:7b:fa:34,Thread 0 crashed with X86,1426481241274
48:d7:05:54:73:3e,SHELL,1426481241274
48:d7:05:54:73:3e,DDGuestWiFi,1426481241274
48:d7:05:54:73:3e,Schubas_Guest,1426481241274
48:d7:05:54:73:3e,sidestreetsaloon,1426481241274
48:d7:05:54:73:3e,RS,1426481241274
48:d7:05:54:73:3e,Ravinia,1426481241274
48:d7:05:54:73:3e,Abes_testicles,1426481241274
48:d7:05:54:73:3e,Free_Sox_Wi-Fi,1426481241274
48:d7:05:54:73:3e,BostonMkt_Guest,1426481241274
64:a3:cb:c5:25:38,HOME-91FD,1426481241274
18:f6:43:7d:22:c3,Pint,1426481241274
84:38:38:8d:14:d1,UniWireless,1426481241274
64:a3:cb:c5:25:38,HOME-91FD,1426481241274
64:a3:cb:c5:25:38,HOME-91FD,1426481241274
90:fd:61:df:30:cc,xfinitywifi,1426481241274
90:fd:61:df:30:cc,xfinitywifi,1426481241274
f4:37:b7:68:3a:99,Dough,1426481241274
64:a3:cb:c5:25:38,HOME-91FD,1426481241274
08:ed:b9:7e:42:1e,Crocodile Radek,1426481241274
c0:63:94:26:81:41,xfinitywifi,1426481241274
78:7e:61:57:4c:94,IOP1603,1426481241274
90:fd:61:df:30:cc,xfinitywifi,1426481241274
90:fd:61:df:30:cc,xfinitywifi,1426481241274
8c:00:6d:42:39:fd,2WIRE888,1426481241274
84:38:38:8d:14:d1,UniWireless,1426481241274
64:a3:cb:c5:25:38,HOME-91FD,1426481241274
64:a3:cb:c5:25:38,HOME-91FD,1426481241274
c8:e0:eb:9b:70:b5,redroof,1426481241274
c8:e0:eb:9b:70:b5,HotelML-Guest,1426481241274
b8:ff:61:54:b5:06,ndsawthefortressbeyond's Network,1426481241274
b8:ff:61:54:b5:06,ndsawthefortressbeyond's Network,1426481241274
b8:ff:61:54:b5:06,HOME-1B9A,1426481241274
b8:ff:61:54:b5:06,ndsawthefortressbeyond's Network,1426481241274
90:fd:61:df:30:cc,xfinitywifi,1426481241274
90:fd:61:df:30:cc,xfinitywifi,1426481241274
64:a3:cb:c5:25:38,HOME-91FD,1426481241274
64:a3:cb:c5:25:38,HOME-91FD,1426481241274
78:7e:61:57:4c:94,IOP1603,1426481241274
90:fd:61:df:30:cc,xfinitywifi,1426481241274
90:fd:61:df:30:cc,xfinitywifi,1426481241274
78:7e:61:57:4c:94,IOP1603,1426481241274
c8:e0:eb:9b:70:b5,redroof,1426481241274
c8:e0:eb:9b:70:b5,Sonesta_guest,1426481241274
c8:e0:eb:9b:70:b5,HotelML-Guest,1426481241274
90:fd:61:df:30:cc,xfinitywifi,1426481241274
90:fd:61:df:30:cc,xfinitywifi,1426481241274
c0:14:3d:97:d3:5e,2WIRE835,1426481241274
34:a3:95:9a:38:d1,PAL2.0,1426481241274
c8:bc:c8:39:b2:1a,oldtown_basement,1426481241274
c8:bc:c8:39:b2:1a,ATT064,1426481241274
c8:bc:c8:39:b2:1a,ATT084,1426481241274
c8:bc:c8:39:b2:1a,Golden Nugget,1426481241274
c8:bc:c8:39:b2:1a,United_Wi-Fi,1426481241274
c8:bc:c8:39:b2:1a,concourse,1426481241274
c8:bc:c8:39:b2:1a,Boingo Hotspot,1426481241274
c8:bc:c8:39:b2:1a,Link,1426481241274
34:23:87:39:b5:3d,LinksPOS,1426481241274
78:7e:61:57:4c:94,IOP1603,1426481241275
78:7e:61:57:4c:94,IOP1603,1426481241275
98:f1:70:4e:6c:73,xfinitywifi,1426481241275
78:7e:61:57:4c:94,IOP1603,1426481241275
14:30:c6:b3:23:7f,Oarget Guest Wi-Fi$20H,1426481241275
08:ed:b9:7e:42:1e,dlink,1426481241275
08:ed:b9:7e:42:1e,Crocodile Radek,1426481241275
4c:cb:f5:f7:55:4f,xfinitywifi,1426481241275
4c:cb:f5:f7:55:4f,xfinitywifi,1426481241275
c0:14:3d:97:d3:5e,2WIRE835,1426481241275
90:fd:61:df:30:cc,xfinitywifi,1426481241275
90:fd:61:df:30:cc,xfinitywifi,1426481241275
90:fd:61:df:30:cc,xfinitywifi,1426481241275
90:fd:61:df:30:cc,xfinitywifi,1426481241275
90:fd:61:df:30:cc,xfinitywifi,1426481241275
78:7e:61:57:4c:94,IOP1603,1426481241275
b4:c7:99:7d:34:a0,smart-rf,1426481241275
64:a3:cb:c5:25:38,HOME-91FD,1426481241275
7c:d1:c3:7b:fa:34,Thread 0 crashed with X86,1426481241275
7c:d1:c3:7b:fa:34,Thread 0 crashed with X86,1426481241275
7c:d1:c3:7b:fa:34,Thread 0 crashed with X86,1426481241275
4c:cb:f5:f7:55:4f,xfinitywifi,1426481241275
4c:cb:f5:f7:55:4f,xfinitywifi,1426481241275
5c:97:f3:3b:9a:f5,Columbia,1426481241275
f4:09:d8:f6:02:33,attwifi,1426481241275
f4:09:d8:f6:02:33,attwifi,1426481241275
f4:09:d8:f6:02:33,attwifi,1426481241275
f4:09:d8:f6:02:33,attwifi,1426481241275
f4:09:d8:f6:02:33,attwifi,1426481241275
f4:09:d8:f6:02:33,attwifi,1426481241275
f4:09:d8:f6:02:33,attwifi,1426481241275
f4:09:d8:f6:02:33,attwifi,1426481241275
f4:09:d8:f6:02:33,attwifi,1426481241275
f4:09:d8:f6:02:33,attwifi,1426481241275
f4:09:d8:f6:02:33,attwifi,1426481241275
f4:09:d8:f6:02:33,attwifi,1426481241275
f4:09:d8:f6:02:33,attwifi,1426481241275
00:21:6a:bb:12:ea,551D-1CV-05,1426481241275
5c:97:f3:3b:9a:f5,Columbia,1426481241275
30:f7:c5:36:13:08,people lounge,1426481241275
7c:d1:c3:7b:fa:34,Thread 0 crashed with X86,1426481241275
2c:f0:ee:21:f6:7c,HOME-99F5,1426481241275
30:f7:c5:36:13:08,people lou*ee,1426481241275
30:f7:c5:36:13:08,people lounge,1426481241275
00:21:6a:bb:12:ea,551D-1CV-05,1426481241275
5c:97:f3:3b:9a:f5,Columbia,1426481241275
5c:97:f3:3b:ee:cc,Columbia,1426481241275
5c:97:f3:3b:9a:f5,Columbia,1426481241275
5c:97:f3:3b:9a:f5,Columbia,1426481241275
5c:97:f3:3b:9a:f5,Columbia,1426481241275
5c:97:f3:3b:9a:f5,Columbia,1426481241275
c8:bc:c8:39:b2:1a,_Free_ORD_Wi-Fi,1426481241275
24:a2:e1:a0:ce:00,Chase Family Network,1426481241275
00:21:6a:bb:12:ea,551D-1CV-05,1426481241275
08:ed:b9:7e:42:1e,Crocodile Radek,1426481241275
c0:14:3d:97:d3:5e,2WIRE835,1426481241275
5c:97:f3:3b:9a:f5,Columbia,1426481241275
5c:97:f3:3b:9a:f5,Columbia,1426481241275
2c:41:38:7b:64:af,HP7B64AF,1426481241275
08:ed:b9:7e:42:1e,Crocodile Radek,1426481241275
08:ed:b9:7e:42:1e,Crocodile Radek,1426481241275
08:ed:b9:7e:42:1e,Crocodile Radek,1426481241275
00:21:6a:bb:12:ea,551D-1CV-05,1426481241275
64:a3:cb:c5:25:38,HOME-91FD,1426481241275
64:a3:cb:c5:25:38,HOME-91FD,1426481241275
b8:ff:61:54:b5:06,ndsawthefortressbeyond's Network,1426481241275
b8:ff:61:54:b5:06,HOME-1B9A,1426481241275
7c:d1:c3:7b:fa:34,Thread 0 crashed with X86,1426481241275
08:ed:b9:7e:42:1e,dlink,1426481241275
08:ed:b9:7e:42:1e,dlink,1426481241275
08:ed:b9:7e:42:1e,dlink,1426481241275
08:ed:b9:7e:42:1e,Crocodile Radek,1426481241275
08:ed:b9:7e:42:1e,Crocodile Radek,1426481241275
08:ed:b9:7e:42:1e,Crocodile Radek,1426481241275
64:a3:cb:c5:25:38,HOME-91FD,1426481241275
64:a3:cb:c5:25:38,HOME-91FD,1426481241275
3c:a9:f4:99:22:54,551D-1CV-03,1426481241275
3c:a9:f4:99:22:54,551D-1CV-03,1426481241275
3c:a9:f4:99:22:54,551D-1CV-03,1426481241275
64:a3:cb:c5:25:38,HOME-91FD,1426481241275
64:a3:cb:c5:25:38,HOME-91FD,1426481241275
c8:e0:eb:9b:70:b5,CIRA,1426481241275
c8:e0:eb:9b:70:b5,JOSE-PC_Network_EXT,1426481241275
c8:e0:eb:9b:70:b5,Sonesta_guest,1426481241275
c8:e0:eb:9b:70:b5,BWBloomingtonHotel,1426481241275
c8:e0:eb:9b:70:b5,4662 7161,1426481241275
c8:e0:eb:9b:70:b5,HotelML-Guest,1426481241275
2c:41:38:7b:64:af,HP7B64AF,1426481241275
c8:bc:c8:39:b2:1a,Link,1426481241275
c8:e0:eb:9b:70:b5,redroof,1426481241275
c8:e0:eb:9b:70:b5,JOSE-PC_Network_EXT,1426481241275
b8:78:2e:85:f3:65,INFINITUMm6ds,1426481241275
b8:78:2e:85:f3:65,INFINITUMm6ds,1426481241275
b8:78:2e:85:f3:65,INFINITUMm6ds,1426481241275
b8:78:2e:85:f3:65,INFINITUMm6ds,1426481241275
b8:78:2e:85:f3:65,INFINITUMm6ds,1426481241275
b8:78:2e:85:f3:65,INFINITUMm6ds,1426481241275
b4:18:d1:6b:42:c5,Daenerys' Side Boob,1426481241275
a8:7c:01:84:3e:ab,Marvisitor,1426481241275
64:a3:cb:c5:25:38,HOME-91FD,1426481241275
c4:d9:87:be:4d:49,Scottrocles,1426481241275
3c:a9:f4:99:22:54,551D-1CV-03,1426481241275
08:ed:b9:7e:42:1e,dlink,1426481241275
08:ed:b9:7e:42:1e,Crocodile Radek,1426481241275
64:a3:cb:c5:25:38,HOME-91FD,1426481241275
c0:14:3d:97:d3:5e,2WIRE835,1426481241275
64:a3:cb:c5:25:38,HOME-91FD,1426481241275
b8:ff:61:54:b5:06,ndsawthefortressbeyond's Network,1426481241275
b8:ff:61:54:b5:06,HOME-1B9A,1426481241275
b8:ff:61:54:b5:06,ndsawthefortressbeyond's Network,1426481241275
08:ed:b9:7e:42:1e,Crocodile Radek,1426481241275
08:ed:b9:7e:42:1e,Crocodile Radek,1426481241275
08:ed:b9:7e:42:1e,Crocodile Radek,1426481241275
c0:14:3d:97:d3:5e,2WIRE835,1426481241275
00:26:c6:3b:af:70,HOME-64D2,1426481241275
64:a3:cb:c5:25:38,HOME-91FD,1426481241275
34:4d:f7:3c:e9:b0,Trillville,1426481241275
34:4d:f7:3c:e9:b0,@EasyBar Free Wi-Fi,1426481241275
34:4d:f7:3c:e9:b0,newbridge,1426481241275
34:4d:f7:3c:e9:b0,CleoWifi,1426481241275
34:4d:f7:3c:e9:b0,gogoinflight,1426481241275
34:4d:f7:3c:e9:b0,PlayingWithTheBoyz,1426481241275
34:4d:f7:3c:e9:b0,Franks and Beans,1426481241275
34:4d:f7:3c:e9:b0,newbridge,1426481241275
34:4d:f7:3c:e9:b0,CleoWifi,1426481241275
c8:bc:c8:39:b2:1a,oldtown_basement,1426481241275
c8:bc:c8:39:b2:1a,ATT064,1426481241275
c8:bc:c8:39:b2:1a,Opal City,1426481241275
c8:bc:c8:39:b2:1a,_Free_ORD_Wi-Fi,1426481241275
c8:bc:c8:39:b2:1a,Link,1426481241275
e4:d3:b1:f0:00:97,2WIRE888,1426481241275
7c:d1:c3:7b:fa:34,Thread 0 crashed with X86,1426481241275
08:ed:b9:7e:42:1e,dlink,1426481241275
08:ed:b9:7e:42:1e,Crocodile Radek,1426481241275
64:a3:cb:c5:25:38,HOME-91FD,1426481241275
90:18:7c:03:01:a3,attwifi,1426481241275
c0:14:3d:97:d3:5e,2WIRE835,1426481241275
c0:ee:fb:24:e6:d2,bA>hin.4ea,1426481241275
c0:ee:fb:24:e6:d2,Chromecast3560,1426481241275
90:18:7c:03:01:a3,attwifi,1426481241275
90:18:7c:03:01:a3,attwifi,1426481241275
c0:14:3d:97:d3:5e,2WIRE835,1426481241275
90:18:7c:03:01:a3,attwifi,1426481241275
90:18:7c:03:01:a3,attwifi,1426481241275
90:18:7c:03:01:a3,attwifi,1426481241275
08:ed:b9:7e:42:1e,dlink,1426481241275
08:ed:b9:7e:42:1e,Crocodile Radek,1426481241275
7c:d1:c3:7b:fa:34,Thread 0 crashed with X86,1426481241275
7d:d1:c3:7b:fa:34,Thread 0 crashed with X86,1426481241275
7c:d1:c3:7b:fa:34,Thread 0 crashed with X86,1426481241275
90:18:7c:03:01:a3,attwifi,1426481241275
78:fd:94:8e:43:e0,BestBuy,1426481241275
90:18:7c:03:01:a3,attwifi,1426481241275
90:18:7c:03:01:a3,attwifi,1426481241275
90:18:7c:03:01:a3,attwifi,1426481241275
90:18:7c:03:01:a3,attwifi,1426481241275
90:18:7c:03:01:a3,attwifi,1426481241275
90:18:7c:03:01:a3,attwifi,1426481241275
78:fd:94:8e:43:e0,BestBuy,1426481241275
6c:ad:f8:28:47:0b,3451,1426481241275
6c:ad:f8:28:47:0b,3451,1426481241275
2c:41:38:7b:64:af,HP7B64AF,1426481241275
18:f6:43:bc:4f:04,xfinitywifi,1426481241275
00:80:48:7b:c9:f8,RGXLPQSNGBNYVRAK,1426481241275
c0:14:3d:97:d3:5e,2WIRE835,1426481241275
c0:ee:fb:24:e6:d2,skyfi,1426481241275
c0:ee:fb:24:e6:d2,WOMBATS,1426481241275
c0:ee:fb:24:e6:d2,United_Wi-Fi,1426481241275
c0:ee:fb:24:e6:d2,belkin.4ea,1426481241275
c0:ee:fb:24:e6:d2,ATT5I692f8,1426481241275
c0:ee:fb:24:e6:d2,CornerBakeryWifi,1426481241275
c0:ee:fb:24:e6:d2,McDonalds Free WiFi,1426481241275
c0:ee:fb:24:e6:d2,United_Wi-Fi,1426481241275
c0:ee:fb:24:e6:d2,belkin.4ea,1426481241275
c0:ee:fb:24:e6:d2,kci,1426481241275
c0:ee:fb:24:e6:d2,G Belkin,1426481241275
c0:ee:fb:24:e6:d2,Chromecast3560,1426481241275
c0:ee:fb:24:e6:d2,vzwifi,1426481241275
c0:ee:fb:24:e6:d2,Park WiFi,1426481241275
c0:ee:fb:24:e6:d2,_Free_ORD_Wi-Fi,1426481241275
c0:ee:fb:24:e6:d2,Telekom,1426481241275
c0:ee:fb:24:e6:d2,WOMBATS,1426481241275
c0:ee:fb:24:e6:d2,CornerBakeryWifi,1426481241275
c0:ee:fb:24:e6:d2,WillisTower_Franklin,1426481241275
c0:ee:fb:24:e6:d2,belkin.4ea,1426481241275
c0:ee:fb:24:e6:d2,kci,1426481241275
c0:ee:fb:24:e6:d2,vzwifi,1426481241275
c0:ee:fb:24:e6:d2,AV Club,1426481241275
c0:ee:fb:24:e6:d2,skyfi,1426481241275
c0:ee:fb:24:e6:d2,ATT5I692f8,1426481241275
c0:ee:fb:24:e6:d2,CornerBakeryWifi,1426481241275
c0:ee:fb:24:c6:a4,WillisTower_Franklin,1426481241275
c0:ee:fb:24:e6:d2,belkin.4ea,1426481241275
c0:ee:fb:24:e6:d2,Chromecast3560,1426481241275
c0:ee:fb:24:e6:d2,vzwifi,1426481241275
c0:ee:fb:24:e6:d2,AV Club,1426481241275
c0:ee:fb:24:e6:d2,Park WiFi,1426481241275
c0:ee:fb:24:e6:d2,ATT5I692f8,1426481241275
c0:ee:fb:24:e6:d2,kci,1426481241275
b8:ff:61:54:b5:06,ndsawthefortressbeyond's Network,1426481241275
b8:ff:61:54:b5:06,HOME-1B9A,1426481241275
ad:73:d9:f4:b6:0f,ndsawthefortressbeyond's Network,1426481241275
b8:ff:61:54:b5:06,HOME-1B9A,1426481241275
78:fd:94:0b:3b:72,BHWN-GUEST,1426481241275
78:fd:94:0b:3b:72,BHWN-GUEST,1426481241275
08:ed:b9:7e:42:1e,Crocodile Radek,1426481241275
10:bf:48:cd:57:53,AmtrakConnect,1426481241275
10:bf:48:cd:57:53,CLTNET,1426481241275
10:bf:48:cd:57:53,ATL-WIFI,1426481241275
10:bf:48:cd:57:53,Badin Inn2,1426481241275
00:11:20:25:30:1b,RGXLPQSNGBNYVRAK,1426481241275
64:a3:cb:c5:25:38,HOME-91FD,1426481241275
c0:ee:fb:24:e6:d2,Chromecast3560,1426481241275
c0:ee:fb:24:e6:d2,vzwifi,1426481241275
c0:ee:fb:24:e6:d2,AV Club,1426481241275
c0:ee:fb:24:e6:d2,Park WiFi,1426481241275
c0:ee:fb:24:e6:d2,G Belkin,1426481241275
c0:ee:fb:24:e6:d2,Chromecast3560,1426481241276
c0:ee:fb:24:e6:d2,vzwifi,1426481241276
c0:ee:fb:24:e6:d2,AV Club,1426481241276
c0:ee:fb:24:e6:d2,Park WiFi,1426481241276
c0:ee:fb:24:e6:d2,_Free_ORD_Wi-Fi,1426481241276
c0:ee:fb:24:e6:d2,AV Club,1426481241276
c0:ee:fb:24:e6:d2,G Belkin,1426481241276
c0:ee:fb:24:e6:d2,Chromecast3560,1426481241276
c0:ee:fb:24:e6:d2,vzwifi,1426481241276
c0:ee:fb:24:e6:d2,AV Club,1426481241276
c0:ee:fb:24:e6:d2,Park WiFi,1426481241276
c0:ee:fb:24:e6:d2,skyfi,1426481241276
c0:ee:fb:24:e6:d2,_Free_ORD_Wi-Fi,1426481241276
c0:ee:fb:24:e6:d2,ATT5I692f8,1426481241276
78:fd:94:0b:3b:72,BHWN-GUEST,1426481241276
78:fd:94:0b:3b:72,BHWN-GUEST,1426481241276
08:ed:b9:7e:42:1e,dlin/,1426481241276
08:ed:b9:7e:42:1e,dlink,1426481241276
10:a5:d0:dc:42:69,attwifi,1426481241276
1c:1a:c0:c3:82:27,WPATubez,1426481241276
1c:1a:c0:c3:82:27,WPATubez,1426481241276
10:a5:d0:dc:42:69,attwifi,1426481241276
00:11:20:25:30:1b,RGXLPQSNGBNYVRAK,1426481241276
00:11:20:25:30:1b,RGXLPQSNGBNYVRAK,1426481241276
c0:14:3d:97:d3:5e,2WIREx5,1426481241276
c0:ee:fb:24:e6:d2,WillisTower_Franklin,1426481241276
c0:ee:fb:24:e6:d2,McDonalds Free WiFi,1426481241276
c0:ee:fb:24:e6:d2,United_Wi-Fi,1426481241276
18:f6:43:bc:4f:04,xfinitywifi,1426481241276
00:11:20:25:30:1b,RGXLPQSNGBNYVRAK,1426481241276
10:a5:d0:dc:42:69,attwifi,1426481241276
10:a5:d0:dc:42:69,attwifi,1426481241276
10:a5:d0:dc:42:69,attwifi,1426481241276
10:a5:d0:dc:42:69,attwifi,1426481241276
c0:14:3d:97:d3:5e,2WIRE835,1426481241276
00:11:20:25:30:1b,RGXLPQSNGBNYVRAK,1426481241276
64:a3:cb:c5:25:38,HOME-91FD,1426481241276
6c:ad:f8:78:b7:85,Daenerys' Side Boob,1426481241276
6c:ad:f8:78:b7:85,Daenerys' Side Boob,1426481241276
6c:ad:f8:78:b7:85,Daenerys' Side Boob,1426481241276
6c:ad:f8:78:b7:85,Daenerys' Side Boob,1426481241276
6c:ad:f8:78:b7:85,Daenerys' Side Boob,1426481241276
6c:ad:f8:78:b7:85,Daenerys' Side Boob,1426481241276
78:fd:94:0b:3b:72,BHWN-GUEST,1426481241276
08:ed:b9:7e:42:1e,Crocodile Radek,1426481241276
08:ed:b9:7e:42:1e,Crocodile Radek,1426481241276
08:ed:b9:7e:42:1e,Crocodile Radek,1426481241276
08:ed:b9:7e:42:1e,Crocodile Radek,1426481241276
00:11:20:25:30:1b,RGXLPQSNGBNYVRAK,1426481241276
00:26:c6:3b:af:70,HOME-64D2,1426481241276
10:a5:d0:dc:42:69,attwifi,1426481241276
7c:d1:c3:7b:fa:34,Thread 0 crashed with X86,1426481241276
64:a3:cb:c5:25:38,HOME-91FD,1426481241276
d4:f4:6f:37:b9:de,xfinitywifi,1426481241276
10:a5:d0:dc:42:69,attwifi,1426481241276
10:a5:d0:dc:42:69,attwifi,1426481241276
c8:bc:c8:39:b2:1a,oldtown_basement,1426481241276
c8:bc:c8:39:b2:1a,ATT064,1426481241276
c8:bc:c8:39:b2:1a,ATT084,1426481241276
c8:bc:c8:39:b2:1a,Golden Nugget,1426481241276
c8:bc:c8:39:b2:1a,WEBbeams-Letizias,1426481241276
c8:bc:c8:39:b2:1a,_Free_ORD_Wi-Fi,1426481241276
d4:f4:6f:37:b9:de,xfinitywifi,1426481241276
c0:14:3d:97:d3:5e,2WIRE835,1426481241276
00:11:20:25:30:1b,RGXLPQSNGBNYVRAK,1426481241276
8c:00:6d:2d:5e:35,depaulsecure,1426481241276
78:fd:94:0b:3b:72,BHWN-GUEST,1426481241276
10:a5:d0:dc:42:69,attwifi,1426481241276
01:ed:b9:7e:42:1e,dlink,1426481241276
8c:3a:e3:3d:84:e6,Wifi is overrated anyways...,1426481241276
8c:3a:e3:3d:84:e6,attwifi,1426481241276
8c:3a:e3:3d:84:e6,Boingo Hotspot,1426481241276
8c:3a:e3:3d:84:e6,DiscoBunmi,1426481241276
8c:3a:e3:3d:84:e6,BWW-GUEST-WIFI,1426481241276
8c:3a:e3:3d:84:e6,Claddagh Coffee,1426481241276
8c:3a:e3:3d:84:e6,WFF,1426481241276
8c:3a:e3:3d:84:e6,Filter,1426481241276
8c:3a:e3:3d:84:e6,wegotwifi-barely ,1426481241276
8c:3a:e3:3d:84:e6,AmtrakConnect,1426481241276
8c:3a:e3:3d:84:e6,cedar-guest,1426481241276
c0:14:3d:97:d3:5e,2WIRE835,1426481241276
10:a5:d0:dc:42:69,attwifi,1426481241276
10:a5:d0:dc:42:69,attwifi,1426481241276
00:11:20:25:30:1b,RGXLPQSNGBNYVRAK,1426481241276
8c:3a:e3:3d:84:e6,Google Starbucks,1426481241276
8c:3a:e3:3d:84:e6,Google Starbucks,1426481241276
8c:3a:e3:3d:84:e6,Google Starbucks,1426481241276
8c:3a:e3:3d:84:e6,Google Starbucks,1426481241276
8c:3a:e3:3d:84:e6,Google Starbucks,1426481241276
d8:cf:9c:d8:46:b5,Links Taproom,1426481241276
30:10:e4:40:75:50,Pint,1426481241276
b8:ff:61:54:b5:06,ndsawthefortressbeyond's Network,1426481241276
b8:ff:61:54:b5:06,HOME-1B9A,1426481241276
c0:14:3d:97:d3:5e,2WIRE835,1426481241276
c0:ee:fb:24:e6:d2,kci,1426481241276
64:a3:cb:c5:25:38,HOME-91FD,1426481241276
00:11:20:25:30:1b,RGXLPQSNGBNYVRAK,1426481241276
00:11:20:25:30:1b,RGXLPQSNGBNYVRAK,1426481241276
64:a3:cb:c5:25:38,HOME-91FD,1426481241276
10:a5:d0:dc:42:69,attwifi,1426481241276
10:a5:d0:dc:42:69,attwifi,1426481241276
c0:14:3d:97:d3:5e,2WIRE835,1426481241276
08:ed:b9:7e:42:1e,Crocodile Radek,1426481241276
18:f6:43:bc:4f:04,xfinitywifi,1426481241276
10:a5:d0:dc:42:69,attwifi,1426481241276
00:11:20:25:30:1b,RGXLPQSNGBNYVRAK,1426481241276
20:f7:b7:94:d0:a3,BestBuy,1426481241276
18:f6:43:bc:4f:04,xfinitywifi,1426481241276
d4:f4:6f:37:b9:de,xfinitywifi,1426481241276
08:ed:b9:7e:42:1e,dlink,1426481241276
08:ed:b9:7e:42:1e,Crocodile Radek,1426481241276
08:ed:b9:7e:42:1e,Crocodile Radek,1426481241276
00:11:20:25:30:1b,RGXLPQSNGBNYVRAK,1426481241276
18:f6:43:bc:4f:04,xfinitywifi,1426481241276
00:61:71:82:d0:a3,BestBuy,1426481241276
00:61:71:82:d0:a3,BestBuy,1426481241276
00:61:71:82:d0:a3,BestBuy,1426481241276
00:61:71:82:d0:a3,BestBuy,1426481241276
00:61:71:82:d0:a3,BestBuy,1426481241276
00:61:71:82:d0:a3,BestBuy,1426481241276
00:61:71:82:d0:a3,BestBuy,1426481241276
00:61:71:82:d0:a3,BestBuy,1426481241276
00:61:71:82:d0:a3,BestBuy,1426481241276
00:61:71:82:d0:a3,BestBuy,1426481241276
78:fd:94:0b:3b:72,BHWN-GUEST,1426481241276
78:fd:94:0b:3b:72,BHWN-GUEST,1426481241276
64:a3:cb:c5:25:38,HOME-91FD,1426481241276
2c:41:38:7b:64:af,HP7B64AF,1426481241276
c8:bc:c8:39:b2:1a,ATT064,1426481241276
c8:bc:c8:39:b2:1a,Golden Nugget,1426481241276
c8:bc:c8:39:b2:1a,WEBbeams-Letizias,1426481241276
c8:bc:c8:39:b2:1a,Opal City,1426481241276
c8:bc:c8:39:b2:1a,Marriott Lobby,1426481241276
00:11:20:25:30:1b,RGXLPQSNGBNYVRAK,1426481241276
00:61:71:82:d0:a3,BestBuy,1426481241276
00:61:71:82:d0:a3,BestBuy,1426481241276
08:ed:b9:7e:42:1e,dlink,1426481241276
08:ed:b9:7e:42:1e,dlink,1426481241276
00:11:20:25:30:1b,RGXLPQSNGBNYVRAK,1426481241276
2c:41:38:7b:64:af,HP7B64AF,1426481241276
b8:78:2e:2b:d5:0f,ATT296,1426481241276
00:11:20:25:30:1b,RGXLPQSNGBNYVRAK,1426481241276
84:7a:88:15:59:e3,xfinitywifi,1426481241276
b8:ff:61:54:b5:06,ndsawthefortressbeyond's Network,1426481241276
b8:ff:61:54:b5:06,HOME-1B9A,1426481241276
b8:ff:61:54:b5:06,ndsawthefortressbeyond's Network,1426481241276
7c:d1:c3:7b:fa:34,Thread 0 crashed with X86,1426481241276
7c:d1:c3:7b:fa:34,Thread 0 crashed with X86,1426481241276
7c:d1:c3:7b:fa:34,Thread 0 crashed with X86,1426481241276
00:61:71:82:d0:a3,BestBuy,1426481241276
00:11:20:25:30:1b,RGXLPQSNGBNYVRAK,1426481241276
c0:14:3d:97:d3:5e,2WIRE835,1426481241276
d8:cf:9c:e4:f8:2a,BradsDeals,1426481241276
08:ed:b9:7e:42:1e,Crocodile Radek,1426481241276
d8:cf:9c:e4:f8:2a,BradsDeals,1426481241276
d8:cf:9c:e4:f8:2a,BradsDeals,1426481241276
00:11:20:25:30:1b,RGXLPQSNGBNYVRAK,1426481241276
18:f6:43:bc:4f:04,xfinitywifi,1426481241276
18:f6:43:bc:4f:04,xfinitywifi,1426481241276
18:f6:43:bc:4f:04,xfinitywifi,1426481241276
00:61:71:82:d0:a3,BestBuy,1426481241276
00:61:71:82:d0:a3,Best$vy,1426481241276
7c:d1:c3:7b:fa:34,Thread 0 crashed with X86,1426481241276
00:11:20:25:30:1b,RGXLPQSNGBNYVRAK,1426481241276
d8:cf:9c:e4:f8:2a,BradsDeals,1426481241276
d8:cf:9c:e4:f8:2a,BradsDeals,1426481241276
c4:85:08:bd:00:97,2WIRE888,1426481241276
00:11:20:25:30:1b,RGXLPQSNGBNYVRAK,1426481241276
18:f6:43:bc:4f:04,xfinitywifi,1426481241276
00:11:20:25:30:1b,RGXLPQSNGBNYVRAK,1426481241276
08:ed:b9:7e:42:1e,Crocodile Radek,1426481241276
08:ed:b9:7e:42:1e,Crocodile Radek,1426481241276
60:be:b5:ae:4c:85,HOME-32D8,1426481241276
60:be:b5:ae:4c:85,PurpleCedar,1426481241276
60:be:b5:ae:4c:85,BrightMoose,1426481241276
60:be:b5:ae:4c:85,linksys,1426481241276
60:be:b5:ae:4c:85,CSG,1426481241276
00:11:20:25:30:1b,RGXLPQSNGBNYVRAK,1426481241276
18:f6:43:bc:4f:04,xfinitywifi,1426481241276
84:7a:88:15:59:e3,xfinitywifi,1426481241276
90:fd:61:b0:0b:76,FLATIRON,1426481241276
00:61:71:82:d0:a3,BestBuy,1426481241276
00:61:71:82:d0:a3,BestBuy,1426481241276
70:3e:ac:9f:8a:1f,Google Starbucks,1426481241276
08:ed:b9:7e:42:1e,Crocodile Radek,1426481241276
08:ed:b9:7e:42:1e,Crocodile Radek,1426481241276
08:ed:b9:7e:42:1e,Crocodile Radek,1426481241276
00:04:20:28:2c:12,Dont even try it,1426481241276

